label,marque,modele,annees_prod,carrosserie,motorisation,cylindree_cm3,puissance_ch,nb_cylindres,couple_nm,transmission,boite_vitesse,zero_a_cent_s,conso_l100km,notes
Acura Cl,Acura,Cl,1997-2003,Coupé,Essence,3200,225,6,302,Traction avant,Manuelle 6 rapports,6.8,10.5,Génération 2001-2003 (CL-S Type)
Acura Integra,Acura,Integra,1994-2001,Coupé,Essence,1800,170,4,171,Traction avant,Manuelle 5 rapports,7.5,8.5,"Type R, génération DC2"
Acura Legend,Acura,Legend,1991-1995,Berline,Essence,3200,230,6,286,Traction avant,Automatique 4 rapports,7.8,11.5,
Acura Mdx,Acura,Mdx,2007-2013,SUV,Essence,3700,300,6,365,4 roues motrices,Automatique 6 rapports,7.2,11.5,
Acura Rdx,Acura,Rdx,2007-2012,SUV,Essence,2300,240,4,340,4 roues motrices,Automatique 5 rapports,7.5,11.0,Moteur turbo
Acura Rl,Acura,Rl,2005-2012,Berline,Essence,3500,300,6,342,4 roues motrices,Automatique 5 rapports,6.9,11.0,
Acura Rsx,Acura,Rsx,2002-2006,Coupé,Essence,2000,200,4,202,Traction avant,Manuelle 6 rapports,6.9,8.0,Type-S
Acura Tl,Acura,Tl,2004-2008,Berline,Essence,3200,270,6,314,Traction avant,Automatique 5 rapports,6.5,10.5,
Acura Tsx,Acura,Tsx,2004-2008,Berline,Essence,2400,205,4,216,Traction avant,Manuelle 6 rapports,7.4,9.5,
Audi A3,Audi,A3,2006-2013,Hatchback,Essence,2000,200,4,280,Traction avant,Automatique DSG 6 rapports,7.0,8.0,
Audi A4,Audi,A4,2008-2016,Berline,Essence,2000,211,4,350,Intégrale (quattro),Automatique 8 rapports,6.5,7.5,
Audi A6,Audi,A6,2004-2011,Berline,Essence,2400,177,6,230,Intégrale (quattro),Automatique 6 rapports,8.0,9.5,
Audi A8,Audi,A8,2003-2010,Berline,Essence,4200,335,8,400,Intégrale (quattro),Automatique 6 rapports,6.0,12.5,
Audi S4,Audi,S4,2009-2016,Berline,Essence,3000,333,6,440,Intégrale (quattro),Automatique 7 rapports,4.9,9.5,Compresseur
Audi Tt,Audi,Tt,2006-2014,Coupé,Essence,2000,200,4,280,Traction avant,Manuelle 6 rapports,6.6,7.5,
Bmw 323I,Bmw,323I,1998-2000,Berline,Essence,2500,170,6,245,Propulsion,Manuelle 5 rapports,8.2,9.5,Série E46
Bmw 325I,Bmw,325I,2001-2005,Berline,Essence,2500,184,6,245,Propulsion,Manuelle 5 rapports,7.9,9.5,Série E46
Bmw 328I,Bmw,328I,2007-2012,Berline,Essence,3000,230,6,300,Propulsion,Automatique 6 rapports,6.3,9.0,Série E90
Bmw 330Ci,Bmw,330Ci,2000-2006,Coupé,Essence,3000,231,6,300,Propulsion,Manuelle 5 rapports,6.5,9.5,Série E46
Bmw 330I,Bmw,330I,2000-2005,Berline,Essence,3000,231,6,300,Propulsion,Manuelle 5 rapports,6.5,9.5,Série E46
Bmw 335I,Bmw,335I,2007-2013,Berline,Essence,3000,306,6,400,Propulsion,Automatique 6 rapports,5.3,9.5,Bi-turbo
Bmw 525I,Bmw,525I,2004-2010,Berline,Essence,2500,218,6,250,Propulsion,Automatique 6 rapports,7.9,9.5,Série E60
Bmw 528I,Bmw,528I,2008-2010,Berline,Essence,3000,230,6,300,Propulsion,Automatique 6 rapports,6.9,9.5,
Bmw 530I,Bmw,530I,2004-2010,Berline,Essence,3000,231,6,300,Propulsion,Automatique 6 rapports,7.0,10.0,
Bmw 535I,Bmw,535I,2008-2010,Berline,Essence,3000,306,6,400,Propulsion,Automatique 6 rapports,5.6,10.5,Bi-turbo
Bmw 540I,Bmw,540I,1997-2003,Berline,Essence,4400,286,8,420,Propulsion,Automatique 5 rapports,6.3,12.5,Série E39
Bmw 545I,Bmw,545I,2004-2005,Berline,Essence,4400,333,8,450,Propulsion,Automatique 6 rapports,5.3,12.5,
Bmw 550I,Bmw,550I,2006-2010,Berline,Essence,4800,360,8,490,Propulsion,Automatique 6 rapports,5.3,12.5,
Bmw 740I,Bmw,740I,2002-2008,Berline,Essence,4000,306,8,390,Propulsion,Automatique 6 rapports,6.0,12.5,Série E65
Bmw 745I,Bmw,745I,2002-2005,Berline,Essence,4400,333,8,450,Propulsion,Automatique 6 rapports,5.9,13.0,
Bmw 750I,Bmw,750I,2006-2008,Berline,Essence,4800,367,8,490,Propulsion,Automatique 6 rapports,5.5,13.5,
Bmw M3,Bmw,M3,2008-2013,Coupé,Essence,4000,420,8,400,Propulsion,Manuelle 6 rapports,4.6,13.5,"Série E92, V8"
Bmw M5,Bmw,M5,2006-2010,Berline,Essence,5000,507,10,520,Propulsion,Automatique SMG 7 rapports,4.5,15.5,"V10, série E60"
Bmw X3,Bmw,X3,2004-2010,SUV,Essence,3000,231,6,300,Intégrale (xDrive),Automatique 6 rapports,7.4,11.0,
Bmw X5,Bmw,X5,2007-2013,SUV,Essence,3000,260,6,350,Intégrale (xDrive),Automatique 6 rapports,7.5,11.5,
Bmw Z3,Bmw,Z3,1996-2002,Cabriolet,Essence,2800,193,6,280,Propulsion,Manuelle 5 rapports,7.5,9.5,
Bmw Z4,Bmw,Z4,2006-2008,Cabriolet,Essence,3000,215,6,285,Propulsion,Manuelle 6 rapports,6.6,9.5,
Buick Century,Buick,Century,1997-2005,Berline,Essence,3100,160,6,265,Traction avant,Automatique 4 rapports,9.5,10.5,
Buick Enclave,Buick,Enclave,2008-2017,SUV,Essence,3600,288,6,342,Traction avant,Automatique 6 rapports,8.0,11.5,
Buick Lacrosse,Buick,Lacrosse,2005-2009,Berline,Essence,3800,200,6,305,Traction avant,Automatique 4 rapports,8.5,10.5,
Buick Lesabre,Buick,Lesabre,2000-2005,Berline,Essence,3800,205,6,305,Traction avant,Automatique 4 rapports,8.5,10.5,
Buick Lucerne,Buick,Lucerne,2006-2011,Berline,Essence,3800,197,6,305,Traction avant,Automatique 4 rapports,9.0,11.0,
Buick Parkavenue,Buick,Parkavenue,1997-2005,Berline,Essence,3800,205,6,305,Traction avant,Automatique 4 rapports,8.5,10.5,Park Avenue
Buick Regal,Buick,Regal,1997-2004,Berline,Essence,3800,200,6,305,Traction avant,Automatique 4 rapports,8.5,10.5,
Buick Rendezvous,Buick,Rendezvous,2002-2007,SUV,Essence,3400,185,6,285,Traction avant,Automatique 4 rapports,9.5,11.5,
Buick Riviera,Buick,Riviera,1995-1999,Coupé,Essence,3800,205,6,305,Traction avant,Automatique 4 rapports,8.5,11.0,
Cadillac Catera,Cadillac,Catera,1997-2001,Berline,Essence,3000,200,6,270,Propulsion,Automatique 4 rapports,8.5,10.5,
Cadillac Cts,Cadillac,Cts,2008-2013,Berline,Essence,3600,304,6,365,Propulsion,Automatique 6 rapports,6.4,11.0,
Cadillac Deville,Cadillac,Deville,2000-2005,Berline,Essence,4600,275,8,400,Traction avant,Automatique 4 rapports,7.8,12.0,
Cadillac Eldorado,Cadillac,Eldorado,1992-2002,Coupé,Essence,4600,275,8,400,Traction avant,Automatique 4 rapports,7.8,12.0,
Cadillac Escalade,Cadillac,Escalade,2007-2014,SUV,Essence,6200,403,8,565,4 roues motrices,Automatique 6 rapports,6.5,15.0,
Cadillac Seville,Cadillac,Seville,1998-2004,Berline,Essence,4600,275,8,400,Traction avant,Automatique 4 rapports,7.5,11.5,
Cadillac Srx,Cadillac,Srx,2004-2009,SUV,Essence,4600,320,8,440,4 roues motrices,Automatique 6 rapports,6.9,12.5,
Cadillac Sts,Cadillac,Sts,2005-2011,Berline,Essence,3600,258,6,357,Propulsion,Automatique 6 rapports,7.0,11.5,
Chevrolet Astro,Chevrolet,Astro,1995-2005,Van,Essence,4300,190,6,325,4 roues motrices,Automatique 4 rapports,10.5,13.5,
Chevrolet Avalanche,Chevrolet,Avalanche,2002-2013,Pick-up,Essence,5300,310,8,460,4 roues motrices,Automatique 4 rapports,8.5,14.5,
Chevrolet Aveo,Chevrolet,Aveo,2004-2011,Berline,Essence,1600,103,4,145,Traction avant,Manuelle 5 rapports,11.0,7.0,
Chevrolet Bel Air,Chevrolet,Bel Air,1955-1957,Coupé,Essence,4300,162,8,346,Propulsion,Manuelle 3 rapports,11.0,16.0,Icône des années 1950
Chevrolet Blazer,Chevrolet,Blazer,1995-2005,SUV,Essence,4300,190,6,325,4 roues motrices,Automatique 4 rapports,9.5,13.5,
Chevrolet C-K1500,Chevrolet,C-K1500,1988-1998,Pick-up,Essence,5700,255,8,420,4 roues motrices,Automatique 4 rapports,9.5,15.0,
Chevrolet C10,Chevrolet,C10,1973-1987,Pick-up,Essence,5700,165,8,380,Propulsion,Manuelle 4 rapports,11.0,16.0,
Chevrolet Camaro,Chevrolet,Camaro,2010-2015,Coupé,Essence,6200,426,8,556,Propulsion,Manuelle 6 rapports,5.0,13.0,"SS, V8"
Chevrolet Caprice,Chevrolet,Caprice,1991-1996,Berline,Essence,5700,260,8,450,Propulsion,Automatique 4 rapports,8.5,14.0,
Chevrolet Cavalier,Chevrolet,Cavalier,1995-2005,Berline,Essence,2200,140,4,198,Traction avant,Manuelle 5 rapports,9.5,7.5,
Chevrolet Chevelle,Chevrolet,Chevelle,1968-1972,Coupé,Essence,5700,300,8,460,Propulsion,Manuelle 4 rapports,7.5,16.5,Muscle car
Chevrolet Cobalt,Chevrolet,Cobalt,2005-2010,Berline,Essence,2200,148,4,217,Traction avant,Manuelle 5 rapports,8.5,7.5,
Chevrolet Colorado,Chevrolet,Colorado,2004-2012,Pick-up,Essence,3700,242,5,332,4 roues motrices,Automatique 4 rapports,9.0,12.5,
Chevrolet Corvette,Chevrolet,Corvette,2005-2013,Coupé,Essence,6000,400,8,542,Propulsion,Manuelle 6 rapports,4.3,13.0,C6
Chevrolet Cruze,Chevrolet,Cruze,2011-2015,Berline,Essence,1800,138,4,176,Traction avant,Automatique 6 rapports,9.5,7.0,
Chevrolet El Camino,Chevrolet,El Camino,1978-1987,Pick-up,Essence,5000,165,8,325,Propulsion,Automatique 3 rapports,10.5,14.5,
Chevrolet Equinox,Chevrolet,Equinox,2010-2017,SUV,Essence,2400,182,4,240,Traction avant,Automatique 6 rapports,9.5,9.5,
Chevrolet Express,Chevrolet,Express,1996-2021,Van,Essence,4800,285,8,420,Propulsion,Automatique 4 rapports,10.5,15.0,Utilitaire
Chevrolet Hhr,Chevrolet,Hhr,2006-2011,Hatchback,Essence,2200,172,4,227,Traction avant,Manuelle 5 rapports,8.5,8.5,
Chevrolet Impala,Chevrolet,Impala,2006-2013,Berline,Essence,3500,211,6,326,Traction avant,Automatique 4 rapports,8.0,10.0,
Chevrolet Lumina,Chevrolet,Lumina,1995-2001,Berline,Essence,3100,160,6,265,Traction avant,Automatique 4 rapports,9.5,10.5,
Chevrolet Malibu,Chevrolet,Malibu,2008-2012,Berline,Essence,3600,252,6,332,Traction avant,Automatique 6 rapports,7.3,9.5,
Chevrolet Montecarlo,Chevrolet,Montecarlo,2000-2007,Coupé,Essence,3800,200,6,305,Traction avant,Automatique 4 rapports,8.5,10.5,Monte Carlo
Chevrolet Nova,Chevrolet,Nova,1968-1974,Coupé,Essence,5000,200,8,380,Propulsion,Manuelle 3 rapports,9.0,15.0,
Chevrolet Prizm,Chevrolet,Prizm,1998-2002,Berline,Essence,1800,125,4,166,Traction avant,Manuelle 5 rapports,9.5,7.0,
Chevrolet S10,Chevrolet,S10,1994-2004,Pick-up,Essence,4300,190,6,325,4 roues motrices,Automatique 4 rapports,9.5,13.0,
Chevrolet Silverado,Chevrolet,Silverado,2007-2013,Pick-up,Essence,5300,315,8,518,4 roues motrices,Automatique 6 rapports,8.0,14.5,
Chevrolet Sonic,Chevrolet,Sonic,2011-2020,Hatchback,Essence,1800,138,4,174,Traction avant,Manuelle 5 rapports,9.5,6.5,
Chevrolet Suburban,Chevrolet,Suburban,2007-2014,SUV,Essence,5300,320,8,460,4 roues motrices,Automatique 6 rapports,8.5,15.0,
Chevrolet Tahoe,Chevrolet,Tahoe,2007-2014,SUV,Essence,5300,320,8,460,4 roues motrices,Automatique 6 rapports,8.5,14.5,
Chevrolet Tracker,Chevrolet,Tracker,1999-2004,SUV,Essence,2500,165,6,220,4 roues motrices,Manuelle 5 rapports,10.5,10.5,
Chevrolet Trailblazer,Chevrolet,Trailblazer,2002-2009,SUV,Essence,4200,275,6,325,4 roues motrices,Automatique 4 rapports,8.5,13.0,
Chevrolet Traverse,Chevrolet,Traverse,2009-2017,SUV,Essence,3600,288,6,342,Traction avant,Automatique 6 rapports,8.0,11.5,
Chevrolet Uplander,Chevrolet,Uplander,2005-2008,Van,Essence,3900,240,6,357,Traction avant,Automatique 4 rapports,9.5,11.5,
Chevrolet Venture,Chevrolet,Venture,1997-2005,Van,Essence,3400,185,6,285,Traction avant,Automatique 4 rapports,10.5,11.5,
Chrysler 200,Chrysler,200,2011-2014,Berline,Essence,2400,173,4,230,Traction avant,Automatique 6 rapports,8.5,8.5,
Chrysler 300,Chrysler,300,2005-2010,Berline,Essence,3500,250,6,340,Propulsion,Automatique 5 rapports,7.5,11.0,
Chrysler Concorde,Chrysler,Concorde,1998-2004,Berline,Essence,3500,253,6,325,Traction avant,Automatique 4 rapports,8.0,10.5,
Chrysler Crossfire,Chrysler,Crossfire,2004-2008,Coupé,Essence,3200,215,6,310,Propulsion,Manuelle 6 rapports,6.9,10.5,
Chrysler Pacifica,Chrysler,Pacifica,2004-2008,SUV,Essence,3800,250,6,332,Traction avant,Automatique 4 rapports,8.5,12.0,
Chrysler Pt Cruiser,Chrysler,Pt Cruiser,2001-2010,Hatchback,Essence,2400,150,4,220,Traction avant,Manuelle 5 rapports,9.5,8.5,
Chrysler Sebring,Chrysler,Sebring,2001-2006,Berline,Essence,2700,200,6,254,Traction avant,Automatique 4 rapports,9.0,9.5,
Chrysler Town&Country,Chrysler,Town&Country,2008-2016,Van,Essence,3800,197,6,322,Traction avant,Automatique 6 rapports,9.5,11.5,
Chrysler Voyager,Chrysler,Voyager,1996-2000,Van,Essence,3300,158,6,264,Traction avant,Automatique 4 rapports,10.5,11.0,
Dodge Avenger,Dodge,Avenger,2008-2014,Berline,Essence,2400,173,4,230,Traction avant,Automatique 4 rapports,8.5,8.5,
Dodge Caliber,Dodge,Caliber,2007-2012,Hatchback,Essence,2000,158,4,194,Traction avant,Manuelle 5 rapports,9.0,8.0,
Dodge Challenger,Dodge,Challenger,2008-2014,Coupé,Essence,5700,375,8,540,Propulsion,Manuelle 6 rapports,5.2,13.5,"R/T, HEMI V8"
Dodge Charger,Dodge,Charger,2006-2010,Berline,Essence,5700,340,8,525,Propulsion,Automatique 5 rapports,6.0,13.0,"R/T, HEMI V8"
Dodge Dakota,Dodge,Dakota,1997-2004,Pick-up,Essence,3900,175,6,300,4 roues motrices,Manuelle 5 rapports,9.5,12.5,
Dodge Dart,Dodge,Dart,2013-2016,Berline,Essence,2000,160,4,184,Traction avant,Manuelle 6 rapports,8.5,7.0,
Dodge Durango,Dodge,Durango,1998-2003,SUV,Essence,5900,245,8,420,4 roues motrices,Automatique 4 rapports,9.0,15.0,
Dodge Grand Caravan,Dodge,Grand Caravan,2008-2020,Van,Essence,3600,283,6,353,Traction avant,Automatique 6 rapports,8.5,11.5,
Dodge Intrepid,Dodge,Intrepid,1998-2004,Berline,Essence,3500,242,6,325,Traction avant,Automatique 4 rapports,8.0,10.5,
Dodge Journey,Dodge,Journey,2009-2020,SUV,Essence,3600,283,6,353,Traction avant,Automatique 6 rapports,8.5,11.5,
Dodge Magnum,Dodge,Magnum,2005-2008,Break,Essence,5700,340,8,525,Propulsion,Automatique 5 rapports,6.0,13.0,"R/T, HEMI V8"
Dodge Neon,Dodge,Neon,1995-1999,Berline,Essence,2000,132,4,182,Traction avant,Manuelle 5 rapports,9.0,7.5,
Dodge Nitro,Dodge,Nitro,2007-2011,SUV,Essence,3700,210,6,315,4 roues motrices,Automatique 4 rapports,9.0,12.5,
Dodge Ram,Dodge,Ram,2002-2008,Pick-up,Essence,5700,345,8,530,4 roues motrices,Automatique 5 rapports,8.0,14.5,HEMI V8
Dodge Stratus,Dodge,Stratus,2001-2006,Berline,Essence,2700,200,6,254,Traction avant,Automatique 4 rapports,9.0,9.5,
Fiat Five Hundred,Fiat,Five Hundred,2012-2019,Hatchback,Essence,1400,101,4,128,Traction avant,Manuelle 5 rapports,10.5,6.0,Fiat 500
Ford Bronco,Ford,Bronco,1980-1996,SUV,Essence,5800,210,8,400,4 roues motrices,Automatique 4 rapports,10.0,15.5,
Ford Contour,Ford,Contour,1995-2000,Berline,Essence,2000,125,4,178,Traction avant,Manuelle 5 rapports,9.5,8.0,
Ford Crown Victoria,Ford,Crown Victoria,1998-2011,Berline,Essence,4600,224,8,400,Propulsion,Automatique 4 rapports,8.5,13.5,
Ford E150,Ford,E150,1992-2014,Van,Essence,4600,225,8,350,Propulsion,Automatique 4 rapports,10.5,14.5,Utilitaire
Ford E250,Ford,E250,1992-2014,Van,Essence,4600,225,8,350,Propulsion,Automatique 4 rapports,10.5,14.5,Utilitaire
Ford E350,Ford,E350,1992-2014,Van,Essence,5400,255,8,400,Propulsion,Automatique 4 rapports,11.0,15.5,Utilitaire
Ford Edge,Ford,Edge,2007-2014,SUV,Essence,3500,285,6,253,Traction avant,Automatique 6 rapports,7.5,10.5,
Ford Escape,Ford,Escape,2008-2012,SUV,Essence,2300,153,4,219,4 roues motrices,Automatique 4 rapports,9.5,9.5,
Ford Escort,Ford,Escort,1991-2003,Berline,Essence,2000,130,4,177,Traction avant,Manuelle 5 rapports,9.5,7.5,
Ford Excursion,Ford,Excursion,2000-2005,SUV,Essence,6800,310,10,475,4 roues motrices,Automatique 4 rapports,10.5,17.5,
Ford Expedition,Ford,Expedition,2007-2014,SUV,Essence,5400,300,8,365,4 roues motrices,Automatique 6 rapports,8.5,14.5,
Ford Explorer,Ford,Explorer,2006-2010,SUV,Essence,4000,210,6,254,4 roues motrices,Automatique 5 rapports,9.0,12.5,
Ford F100,Ford,F100,1967-1983,Pick-up,Essence,4900,170,8,330,Propulsion,Manuelle 3 rapports,11.0,16.5,
Ford F150,Ford,F150,2009-2014,Pick-up,Essence,5400,320,8,500,4 roues motrices,Automatique 6 rapports,7.5,14.5,
Ford F250,Ford,F250,2008-2016,Pick-up,Diesel,6700,390,8,920,4 roues motrices,Automatique 6 rapports,9.0,16.5,"Super Duty, turbo diesel"
Ford F350,Ford,F350,2008-2016,Pick-up,Diesel,6700,390,8,920,4 roues motrices,Automatique 6 rapports,9.5,17.0,"Super Duty, turbo diesel"
Ford F450,Ford,F450,2008-2016,Pick-up,Diesel,6700,390,8,920,4 roues motrices,Automatique 6 rapports,10.0,17.5,"Super Duty, turbo diesel"
Ford Fiesta,Ford,Fiesta,2011-2019,Hatchback,Essence,1600,120,4,152,Traction avant,Manuelle 5 rapports,9.5,6.0,
Ford Five Hundred,Ford,Five Hundred,2005-2007,Berline,Essence,3000,203,6,288,Traction avant,Automatique CVT,8.5,10.0,
Ford Focus,Ford,Focus,2012-2018,Berline,Essence,2000,160,4,173,Traction avant,Manuelle 6 rapports,8.5,6.5,
Ford Freestar,Ford,Freestar,2004-2007,Van,Essence,3900,201,6,240,Traction avant,Automatique 4 rapports,9.5,11.5,
Ford Fusion,Ford,Fusion,2010-2012,Berline,Essence,2500,175,4,226,Traction avant,Automatique 6 rapports,8.5,8.5,
Ford Mustang,Ford,Mustang,2005-2009,Coupé,Essence,4600,300,8,420,Propulsion,Manuelle 5 rapports,5.1,13.5,"GT, V8"
Ford Ranger,Ford,Ranger,1998-2011,Pick-up,Essence,3000,150,6,240,4 roues motrices,Manuelle 5 rapports,9.5,11.5,
Ford Taurus,Ford,Taurus,2000-2007,Berline,Essence,3000,155,6,237,Traction avant,Automatique 4 rapports,9.5,9.5,
Ford Thunderbird,Ford,Thunderbird,2002-2005,Coupé,Essence,3900,252,8,358,Propulsion,Automatique 5 rapports,7.0,11.5,Cabriolet
Ford Windstar,Ford,Windstar,1995-2003,Van,Essence,3800,200,6,305,Traction avant,Automatique 4 rapports,9.5,11.5,
Gmc Acadia,Gmc,Acadia,2007-2016,SUV,Essence,3600,288,6,342,Traction avant,Automatique 6 rapports,8.0,11.5,
Gmc Canyon,Gmc,Canyon,2004-2012,Pick-up,Essence,3700,242,5,332,4 roues motrices,Automatique 4 rapports,9.0,12.5,
Gmc Envoy,Gmc,Envoy,2002-2009,SUV,Essence,4200,275,6,325,4 roues motrices,Automatique 4 rapports,8.5,13.0,
Gmc Jimmy,Gmc,Jimmy,1995-2001,SUV,Essence,4300,190,6,325,4 roues motrices,Automatique 4 rapports,9.5,13.5,
Gmc Sierra,Gmc,Sierra,2007-2013,Pick-up,Essence,5300,315,8,518,4 roues motrices,Automatique 6 rapports,8.0,14.5,
Gmc Sonoma,Gmc,Sonoma,1994-2004,Pick-up,Essence,4300,190,6,325,4 roues motrices,Manuelle 5 rapports,9.5,12.5,
Gmc Suburban,Gmc,Suburban,2007-2014,SUV,Essence,5300,320,8,460,4 roues motrices,Automatique 6 rapports,8.5,15.0,
Gmc Terrain,Gmc,Terrain,2010-2017,SUV,Essence,2400,182,4,240,Traction avant,Automatique 6 rapports,9.5,9.5,
Gmc Yukon,Gmc,Yukon,2007-2014,SUV,Essence,5300,320,8,460,4 roues motrices,Automatique 6 rapports,8.5,15.0,
Honda Accord,Honda,Accord,2008-2012,Berline,Essence,2400,177,4,226,Traction avant,Automatique 5 rapports,8.5,8.0,
Honda Civic,Honda,Civic,2006-2011,Berline,Essence,1800,140,4,174,Traction avant,Manuelle 5 rapports,9.5,6.5,
Honda Cr-V,Honda,Cr-V,2007-2011,SUV,Essence,2400,166,4,218,4 roues motrices,Automatique 5 rapports,9.5,8.5,
Honda Delsol,Honda,Delsol,1993-1997,Coupé,Essence,1600,125,4,145,Traction avant,Manuelle 5 rapports,8.5,7.0,Del Sol
Honda Element,Honda,Element,2003-2011,SUV,Essence,2400,166,4,218,4 roues motrices,Manuelle 5 rapports,9.5,9.0,
Honda Fit,Honda,Fit,2009-2013,Hatchback,Essence,1500,117,4,145,Traction avant,Manuelle 5 rapports,9.5,6.0,
Honda Odyssey,Honda,Odyssey,2011-2017,Van,Essence,3500,248,6,250,Traction avant,Automatique 6 rapports,8.5,10.5,
Honda Passport,Honda,Passport,1994-2002,SUV,Essence,3200,205,6,275,4 roues motrices,Automatique 4 rapports,9.5,12.5,
Honda Pilot,Honda,Pilot,2009-2015,SUV,Essence,3500,250,6,253,4 roues motrices,Automatique 5 rapports,8.5,10.5,
Honda Prelude,Honda,Prelude,1992-2001,Coupé,Essence,2200,190,4,220,Traction avant,Manuelle 5 rapports,7.5,8.5,
Honda Ridgeline,Honda,Ridgeline,2006-2014,Pick-up,Essence,3500,250,6,310,4 roues motrices,Automatique 5 rapports,8.5,12.0,
Honda S2000,Honda,S2000,1999-2009,Cabriolet,Essence,2200,240,4,220,Propulsion,Manuelle 6 rapports,6.2,9.5,
Hummer H2,Hummer,H2,2003-2009,SUV,Essence,6000,325,8,500,4 roues motrices,Automatique 4 rapports,9.5,19.0,
Hummer H3,Hummer,H3,2005-2010,SUV,Essence,3700,242,5,350,4 roues motrices,Automatique 4 rapports,9.5,14.5,
Hyundai Accent,Hyundai,Accent,2006-2011,Berline,Essence,1600,110,4,145,Traction avant,Manuelle 5 rapports,10.5,6.5,
Hyundai Azera,Hyundai,Azera,2006-2011,Berline,Essence,3300,263,6,310,Traction avant,Automatique 5 rapports,7.5,10.5,
Hyundai Elantra,Hyundai,Elantra,2011-2016,Berline,Essence,1800,148,4,178,Traction avant,Automatique 6 rapports,9.5,6.5,
Hyundai Genesis,Hyundai,Genesis,2009-2014,Berline,Essence,3800,290,6,342,Propulsion,Automatique 6 rapports,6.5,10.5,
Hyundai Santafe,Hyundai,Santafe,2007-2012,SUV,Essence,2700,185,6,241,4 roues motrices,Automatique 4 rapports,9.5,10.5,Santa Fe
Hyundai Sonata,Hyundai,Sonata,2011-2014,Berline,Essence,2400,198,4,251,Traction avant,Automatique 6 rapports,8.0,7.5,
Hyundai Tiburon,Hyundai,Tiburon,2003-2008,Coupé,Essence,2700,172,6,241,Traction avant,Manuelle 5 rapports,7.5,9.0,
Hyundai Tucson,Hyundai,Tucson,2010-2015,SUV,Essence,2400,176,4,232,4 roues motrices,Automatique 6 rapports,9.5,8.5,
Infiniti Fx35,Infiniti,Fx35,2003-2008,SUV,Essence,3500,280,6,350,4 roues motrices,Automatique 5 rapports,7.0,11.5,
Infiniti G35,Infiniti,G35,2003-2008,Berline,Essence,3500,280,6,353,Propulsion,Automatique 5 rapports,6.2,10.5,
Infiniti G37,Infiniti,G37,2008-2013,Coupé,Essence,3700,330,6,365,Propulsion,Automatique 7 rapports,5.5,10.5,
Infiniti I30,Infiniti,I30,1996-1999,Berline,Essence,3000,190,6,271,Traction avant,Automatique 4 rapports,8.5,10.0,
Infiniti I35,Infiniti,I35,2002-2004,Berline,Essence,3500,255,6,342,Traction avant,Automatique 4 rapports,7.5,10.0,
Infiniti M35,Infiniti,M35,2006-2010,Berline,Essence,3500,303,6,362,Propulsion,Automatique 5 rapports,6.5,11.0,
Infiniti Q45,Infiniti,Q45,1997-2001,Berline,Essence,4100,266,8,377,Propulsion,Automatique 4 rapports,7.5,12.5,
Infiniti Qx4,Infiniti,Qx4,1997-2003,SUV,Essence,3300,170,6,272,4 roues motrices,Automatique 4 rapports,10.0,13.0,
Infiniti Qx56,Infiniti,Qx56,2004-2010,SUV,Essence,5600,315,8,390,4 roues motrices,Automatique 5 rapports,8.0,15.0,
Isuzu Rodeo,Isuzu,Rodeo,1998-2004,SUV,Essence,3200,205,6,275,4 roues motrices,Automatique 4 rapports,9.5,12.5,
Isuzu Trooper,Isuzu,Trooper,1992-2002,SUV,Essence,3200,190,6,275,4 roues motrices,Automatique 4 rapports,10.5,13.5,
Jaguar S-Type,Jaguar,S-Type,1999-2008,Berline,Essence,3000,240,6,300,Propulsion,Automatique 5 rapports,7.5,11.5,
Jaguar X-Type,Jaguar,X-Type,2001-2008,Berline,Essence,2500,196,6,240,Intégrale,Automatique 5 rapports,8.0,10.5,
Jaguar Xj,Jaguar,Xj,2003-2009,Berline,Essence,4200,300,8,400,Propulsion,Automatique 6 rapports,6.5,12.5,
Jeep Cherokee,Jeep,Cherokee,1997-2001,SUV,Essence,4000,190,6,316,4 roues motrices,Automatique 4 rapports,9.5,13.5,
Jeep Cj5,Jeep,Cj5,1954-1983,SUV,Essence,2500,83,4,180,4 roues motrices,Manuelle 3 rapports,15.0,12.5,Modèle historique
Jeep Cj7,Jeep,Cj7,1976-1986,SUV,Essence,4200,110,6,230,4 roues motrices,Manuelle 4 rapports,13.0,13.5,Modèle historique
Jeep Commander,Jeep,Commander,2006-2010,SUV,Essence,4700,235,8,420,4 roues motrices,Automatique 5 rapports,9.0,15.0,
Jeep Compass,Jeep,Compass,2011-2016,SUV,Essence,2400,172,4,165,4 roues motrices,Automatique CVT,9.5,9.5,
Jeep Grand,Jeep,Grand,1999-2004,SUV,Essence,4700,235,8,420,4 roues motrices,Automatique 4 rapports,8.5,14.0,Grand Cherokee
Jeep Liberty,Jeep,Liberty,2002-2007,SUV,Essence,3700,210,6,315,4 roues motrices,Automatique 4 rapports,9.5,12.5,
Jeep Patriot,Jeep,Patriot,2011-2017,SUV,Essence,2400,172,4,165,4 roues motrices,Automatique CVT,9.5,9.0,
Jeep Wrangler,Jeep,Wrangler,2007-2017,SUV,Essence,3800,202,6,237,4 roues motrices,Manuelle 6 rapports,9.5,13.0,
Kia Amanti,Kia,Amanti,2004-2009,Berline,Essence,3500,200,6,325,Traction avant,Automatique 5 rapports,9.5,11.0,
Kia Forte,Kia,Forte,2010-2013,Berline,Essence,2000,156,4,194,Traction avant,Automatique 6 rapports,9.0,7.0,
Kia Optima,Kia,Optima,2011-2015,Berline,Essence,2400,200,4,241,Traction avant,Automatique 6 rapports,8.5,7.5,
Kia Rio,Kia,Rio,2006-2011,Berline,Essence,1600,110,4,145,Traction avant,Manuelle 5 rapports,10.5,6.5,
Kia Sedona,Kia,Sedona,2006-2014,Van,Essence,3800,250,6,329,Traction avant,Automatique 5 rapports,9.0,11.5,
Kia Sephia,Kia,Sephia,1994-2001,Berline,Essence,1800,125,4,162,Traction avant,Manuelle 5 rapports,10.5,7.5,
Kia Sorento,Kia,Sorento,2011-2015,SUV,Essence,2400,191,4,241,4 roues motrices,Automatique 6 rapports,9.0,9.5,
Kia Soul,Kia,Soul,2010-2013,Hatchback,Essence,2000,142,4,186,Traction avant,Automatique 6 rapports,9.5,7.5,
Kia Spectra,Kia,Spectra,2004-2009,Berline,Essence,2000,138,4,186,Traction avant,Manuelle 5 rapports,9.5,7.5,
Kia Sportage,Kia,Sportage,2011-2016,SUV,Essence,2400,176,4,227,4 roues motrices,Automatique 6 rapports,9.0,8.5,
Landrover Discovery,Landrover,Discovery,1999-2004,SUV,Essence,4000,188,8,330,4 roues motrices,Automatique 4 rapports,10.5,15.5,Land Rover
Landrover Rangerover,Landrover,Rangerover,2003-2012,SUV,Essence,4400,305,8,420,4 roues motrices,Automatique 6 rapports,7.5,15.5,Range Rover
Lexus Es300,Lexus,Es300,1997-2001,Berline,Essence,3000,200,6,271,Traction avant,Automatique 4 rapports,8.5,9.5,
Lexus Es330,Lexus,Es330,2004-2006,Berline,Essence,3300,225,6,240,Traction avant,Automatique 5 rapports,7.8,9.5,
Lexus Es350,Lexus,Es350,2007-2012,Berline,Essence,3500,272,6,342,Traction avant,Automatique 6 rapports,7.2,9.5,
Lexus Gs300,Lexus,Gs300,1998-2005,Berline,Essence,3000,220,6,288,Propulsion,Automatique 5 rapports,7.5,10.0,
Lexus Gx470,Lexus,Gx470,2003-2009,SUV,Essence,4700,235,8,440,4 roues motrices,Automatique 5 rapports,8.5,13.5,
Lexus Is250,Lexus,Is250,2006-2013,Berline,Essence,2500,204,6,252,Propulsion,Automatique 6 rapports,7.7,9.5,
Lexus Is300,Lexus,Is300,2001-2005,Berline,Essence,3000,215,6,280,Propulsion,Automatique 5 rapports,7.1,10.0,
Lexus Is350,Lexus,Is350,2006-2013,Berline,Essence,3500,306,6,377,Propulsion,Automatique 6 rapports,5.8,10.5,
Lexus Ls400,Lexus,Ls400,1995-2000,Berline,Essence,4000,260,8,353,Propulsion,Automatique 4 rapports,7.2,11.5,
Lexus Ls430,Lexus,Ls430,2001-2006,Berline,Essence,4300,290,8,433,Propulsion,Automatique 6 rapports,6.7,11.5,
Lexus Rx300,Lexus,Rx300,1999-2003,SUV,Essence,3000,220,6,288,4 roues motrices,Automatique 4 rapports,9.0,11.0,
Lexus Rx330,Lexus,Rx330,2004-2006,SUV,Essence,3300,230,6,320,4 roues motrices,Automatique 5 rapports,8.5,10.5,
Lexus Sc430,Lexus,Sc430,2001-2010,Cabriolet,Essence,4300,288,8,432,Propulsion,Automatique 6 rapports,6.4,12.0,
Lincoln Aviator,Lincoln,Aviator,2003-2005,SUV,Essence,4600,302,8,439,4 roues motrices,Automatique 5 rapports,7.5,14.5,
Lincoln Continental,Lincoln,Continental,1995-2002,Berline,Essence,4600,260,8,400,Traction avant,Automatique 4 rapports,8.0,12.0,
Lincoln Ls,Lincoln,Ls,2000-2006,Berline,Essence,3900,252,8,358,Propulsion,Automatique 5 rapports,7.0,11.0,
Lincoln Mark,Lincoln,Mark,1993-1998,Coupé,Essence,4600,280,8,400,Propulsion,Automatique 4 rapports,8.0,12.5,Mark VIII
Lincoln Mkx,Lincoln,Mkx,2007-2010,SUV,Essence,3500,265,6,346,Traction avant,Automatique 6 rapports,7.5,11.0,
Lincoln Mkz,Lincoln,Mkz,2007-2012,Berline,Essence,3500,263,6,342,Traction avant,Automatique 6 rapports,7.5,9.5,
Lincoln Navigator,Lincoln,Navigator,2007-2014,SUV,Essence,5400,310,8,365,4 roues motrices,Automatique 6 rapports,8.5,15.0,
Lincoln Towncar,Lincoln,Towncar,1998-2011,Berline,Essence,4600,239,8,400,Propulsion,Automatique 4 rapports,9.0,13.0,Town Car
Mazda 3,Mazda,3,2010-2013,Berline,Essence,2000,148,4,182,Traction avant,Manuelle 5 rapports,9.0,7.0,
Mazda 5,Mazda,5,2006-2010,Van,Essence,2300,157,4,220,Traction avant,Manuelle 5 rapports,9.5,8.5,
Mazda 6,Mazda,6,2009-2013,Berline,Essence,2500,170,4,227,Traction avant,Automatique 5 rapports,8.5,8.5,
Mazda 626,Mazda,626,1993-2002,Berline,Essence,2000,125,4,177,Traction avant,Manuelle 5 rapports,9.5,7.5,
Mazda Millenia,Mazda,Millenia,1995-2002,Berline,Essence,2300,170,6,224,Traction avant,Automatique 4 rapports,8.5,9.5,
Mazda Mpv,Mazda,Mpv,2000-2006,Van,Essence,2500,170,6,220,Traction avant,Automatique 4 rapports,9.5,10.5,
Mazda Mx5,Mazda,Mx5,2006-2015,Cabriolet,Essence,2000,167,4,188,Propulsion,Manuelle 6 rapports,7.8,7.5,Miata
Mazda Protege,Mazda,Protege,1995-2003,Berline,Essence,1800,125,4,167,Traction avant,Manuelle 5 rapports,9.5,7.0,
Mazda Rx7,Mazda,Rx7,1993-1995,Coupé,Essence,1300,255,2,294,Propulsion,Manuelle 5 rapports,5.3,11.5,Moteur rotatif
Mazda Rx8,Mazda,Rx8,2004-2011,Coupé,Essence,1300,232,2,211,Propulsion,Manuelle 6 rapports,6.4,10.5,Moteur rotatif
Mazda Tribute,Mazda,Tribute,2008-2011,SUV,Essence,3000,171,6,193,4 roues motrices,Automatique 6 rapports,9.0,10.5,
Mercedes Benz C230,Mercedes,Benz C230,2001-2007,Berline,Essence,2500,201,6,245,Propulsion,Automatique 7 rapports,7.5,9.5,
Mercedes Benz C240,Mercedes,Benz C240,2001-2005,Berline,Essence,2600,168,6,240,Propulsion,Automatique 5 rapports,8.5,9.5,
Mercedes Benz C280,Mercedes,Benz C280,1993-2000,Berline,Essence,2800,194,6,270,Propulsion,Automatique 5 rapports,8.5,10.0,
Mercedes Benz C300,Mercedes,Benz C300,2008-2014,Berline,Essence,3000,228,6,300,Propulsion,Automatique 7 rapports,6.8,9.5,
Mercedes Benz C320,Mercedes,Benz C320,2001-2005,Berline,Essence,3200,215,6,310,Propulsion,Automatique 5 rapports,7.5,10.0,
Mercedes Benz Clk320,Mercedes,Benz Clk320,1998-2003,Coupé,Essence,3200,215,6,310,Propulsion,Automatique 5 rapports,7.1,10.0,
Mercedes Benz E320,Mercedes,Benz E320,1997-2002,Berline,Essence,3200,221,6,315,Propulsion,Automatique 5 rapports,7.3,10.5,
Mercedes Benz E350,Mercedes,Benz E350,2007-2016,Berline,Essence,3500,268,6,346,Propulsion,Automatique 7 rapports,6.5,10.5,
Mercedes Benz E500,Mercedes,Benz E500,2003-2006,Berline,Essence,5000,302,8,460,Propulsion,Automatique 7 rapports,5.6,12.5,
Mercedes Benz Ml320,Mercedes,Benz Ml320,1998-2003,SUV,Essence,3200,215,6,315,4 roues motrices,Automatique 5 rapports,9.5,13.0,
Mercedes Benz Ml350,Mercedes,Benz Ml350,2003-2011,SUV,Essence,3500,268,6,350,4 roues motrices,Automatique 7 rapports,7.6,12.5,
Mercedes Benz Ml500,Mercedes,Benz Ml500,2003-2005,SUV,Essence,5000,292,8,460,4 roues motrices,Automatique 5 rapports,6.9,14.0,
Mercedes Benz S430,Mercedes,Benz S430,2000-2006,Berline,Essence,4300,275,8,400,Propulsion,Automatique 5 rapports,6.9,12.5,
Mercedes Benz S500,Mercedes,Benz S500,2000-2006,Berline,Essence,5000,306,8,460,Propulsion,Automatique 5 rapports,6.2,13.0,
Mercedes Benz S550,Mercedes,Benz S550,2006-2013,Berline,Essence,5500,382,8,530,Propulsion,Automatique 7 rapports,5.3,13.5,
Mercedes Benz Sl500,Mercedes,Benz Sl500,2003-2008,Cabriolet,Essence,5000,302,8,460,Propulsion,Automatique 7 rapports,5.9,13.5,
Mercury Cougar,Mercury,Cougar,1999-2002,Coupé,Essence,2500,170,6,220,Traction avant,Manuelle 5 rapports,8.0,9.0,
Mercury Grandmarquis,Mercury,Grandmarquis,1998-2011,Berline,Essence,4600,224,8,400,Propulsion,Automatique 4 rapports,8.5,13.5,Grand Marquis
Mercury Mariner,Mercury,Mariner,2008-2011,SUV,Essence,2300,153,4,219,4 roues motrices,Automatique 4 rapports,9.5,9.5,
Mercury Milan,Mercury,Milan,2006-2011,Berline,Essence,2300,175,4,226,Traction avant,Automatique 6 rapports,8.5,8.5,
Mercury Mountaineer,Mercury,Mountaineer,2002-2010,SUV,Essence,4000,210,6,254,4 roues motrices,Automatique 5 rapports,9.0,12.5,
Mercury Sable,Mercury,Sable,2000-2005,Berline,Essence,3000,155,6,237,Traction avant,Automatique 4 rapports,9.5,9.5,
Mercury Villager,Mercury,Villager,1993-2002,Van,Essence,3300,170,6,272,Traction avant,Automatique 4 rapports,10.5,11.0,
Mini Cooper,Mini,Cooper,2007-2013,Hatchback,Essence,1600,118,4,160,Traction avant,Manuelle 6 rapports,8.9,6.5,
Mitsubishi 3000Gt,Mitsubishi,3000Gt,1991-1999,Coupé,Essence,3000,300,6,400,Intégrale,Manuelle 6 rapports,5.9,12.0,VR-4 biturbo
Mitsubishi Eclipse,Mitsubishi,Eclipse,2006-2012,Coupé,Essence,2400,162,4,218,Traction avant,Manuelle 5 rapports,8.5,8.5,
Mitsubishi Endeavor,Mitsubishi,Endeavor,2004-2011,SUV,Essence,3800,225,6,342,4 roues motrices,Automatique 4 rapports,8.5,12.0,
Mitsubishi Galant,Mitsubishi,Galant,2004-2012,Berline,Essence,2400,160,4,216,Traction avant,Automatique 4 rapports,9.5,8.5,
Mitsubishi Lancer,Mitsubishi,Lancer,2008-2015,Berline,Essence,2000,152,4,198,Traction avant,Manuelle 5 rapports,9.0,7.5,
Mitsubishi Mirage,Mitsubishi,Mirage,1997-2002,Berline,Essence,1500,92,4,130,Traction avant,Manuelle 5 rapports,11.0,6.5,
Mitsubishi Montero,Mitsubishi,Montero,2001-2006,SUV,Essence,3800,215,6,325,4 roues motrices,Automatique 5 rapports,9.5,13.5,
Mitsubishi Outlander,Mitsubishi,Outlander,2007-2013,SUV,Essence,2400,168,4,213,4 roues motrices,Automatique CVT,9.5,9.0,
Nissan 240Sx,Nissan,240Sx,1989-1998,Coupé,Essence,2400,155,4,198,Propulsion,Manuelle 5 rapports,8.5,9.0,
Nissan 300Zx,Nissan,300Zx,1990-1996,Coupé,Essence,3000,300,6,384,Propulsion,Manuelle 5 rapports,5.6,11.5,Twin turbo
Nissan 350Z,Nissan,350Z,2003-2009,Coupé,Essence,3500,306,6,363,Propulsion,Manuelle 6 rapports,5.9,10.5,
Nissan Altima,Nissan,Altima,2007-2012,Berline,Essence,2500,175,4,180,Traction avant,Automatique CVT,8.5,7.5,
Nissan Armada,Nissan,Armada,2004-2015,SUV,Essence,5600,317,8,385,4 roues motrices,Automatique 5 rapports,8.5,15.5,
Nissan Frontier,Nissan,Frontier,2005-2015,Pick-up,Essence,4000,261,6,365,4 roues motrices,Automatique 5 rapports,8.5,12.5,
Nissan Maxima,Nissan,Maxima,2004-2008,Berline,Essence,3500,265,6,332,Traction avant,Automatique CVT,7.1,9.5,
Nissan Murano,Nissan,Murano,2009-2014,SUV,Essence,3500,260,6,325,4 roues motrices,Automatique CVT,7.6,10.5,
Nissan Pathfinder,Nissan,Pathfinder,2005-2012,SUV,Essence,4000,266,6,385,4 roues motrices,Automatique 5 rapports,8.5,13.0,
Nissan Quest,Nissan,Quest,2004-2009,Van,Essence,3500,240,6,357,Traction avant,Automatique CVT,8.5,11.0,
Nissan Rogue,Nissan,Rogue,2008-2013,SUV,Essence,2500,170,4,240,4 roues motrices,Automatique CVT,9.5,8.5,
Nissan Sentra,Nissan,Sentra,2007-2012,Berline,Essence,2000,140,4,198,Traction avant,Manuelle 6 rapports,9.5,7.0,
Nissan Titan,Nissan,Titan,2004-2015,Pick-up,Essence,5600,317,8,385,4 roues motrices,Automatique 5 rapports,8.0,15.5,
Nissan Versa,Nissan,Versa,2007-2012,Berline,Essence,1800,122,4,170,Traction avant,Manuelle 6 rapports,9.5,6.5,
Nissan Xterra,Nissan,Xterra,2005-2015,SUV,Essence,4000,261,6,365,4 roues motrices,Automatique 5 rapports,9.0,12.5,
Oldsmobile Alero,Oldsmobile,Alero,1999-2004,Berline,Essence,3400,170,6,285,Traction avant,Automatique 4 rapports,8.5,10.0,
Oldsmobile Aurora,Oldsmobile,Aurora,1995-1999,Berline,Essence,4000,250,8,370,Traction avant,Automatique 4 rapports,8.0,11.5,
Oldsmobile Bravada,Oldsmobile,Bravada,1996-2004,SUV,Essence,4300,190,6,325,4 roues motrices,Automatique 4 rapports,9.5,13.5,
Oldsmobile Cutlass,Oldsmobile,Cutlass,1997-1999,Berline,Essence,3100,160,6,265,Traction avant,Automatique 4 rapports,9.5,10.5,
Oldsmobile Intrigue,Oldsmobile,Intrigue,1998-2002,Berline,Essence,3800,200,6,305,Traction avant,Automatique 4 rapports,8.5,10.5,
Oldsmobile Silhouette,Oldsmobile,Silhouette,1997-2004,Van,Essence,3400,185,6,285,Traction avant,Automatique 4 rapports,10.5,11.5,
Plymouth Neon,Plymouth,Neon,1995-1999,Berline,Essence,2000,132,4,182,Traction avant,Manuelle 5 rapports,9.0,7.5,
Plymouth Voyager,Plymouth,Voyager,1996-2000,Van,Essence,3300,158,6,264,Traction avant,Automatique 4 rapports,10.5,11.0,
Pontiac Bonneville,Pontiac,Bonneville,2000-2005,Berline,Essence,3800,205,6,305,Traction avant,Automatique 4 rapports,8.5,10.5,
Pontiac Firebird,Pontiac,Firebird,1998-2002,Coupé,Essence,5700,305,8,460,Propulsion,Manuelle 6 rapports,5.5,13.5,"Trans Am, V8"
Pontiac G5,Pontiac,G5,2007-2010,Coupé,Essence,2200,155,4,217,Traction avant,Manuelle 5 rapports,8.5,7.5,
Pontiac G6,Pontiac,G6,2005-2010,Berline,Essence,3500,201,6,311,Traction avant,Automatique 4 rapports,7.9,10.0,
Pontiac Grandam,Pontiac,Grandam,1999-2005,Berline,Essence,3400,175,6,285,Traction avant,Automatique 4 rapports,8.5,10.0,Grand Am
Pontiac Grandprix,Pontiac,Grandprix,2004-2008,Berline,Essence,3800,200,6,305,Traction avant,Automatique 4 rapports,8.5,10.5,Grand Prix
Pontiac Gto,Pontiac,Gto,2004-2006,Coupé,Essence,6000,400,8,530,Propulsion,Manuelle 6 rapports,4.9,13.5,V8
Pontiac Montana,Pontiac,Montana,1999-2005,Van,Essence,3400,185,6,285,Traction avant,Automatique 4 rapports,10.5,11.5,
Pontiac Sunfire,Pontiac,Sunfire,1995-2005,Coupé,Essence,2200,140,4,198,Traction avant,Manuelle 5 rapports,9.5,7.5,
Pontiac Torrent,Pontiac,Torrent,2006-2009,SUV,Essence,3400,185,6,285,Traction avant,Automatique 4 rapports,9.5,10.5,
Pontiac Transam,Pontiac,Transam,1993-1997,Coupé,Essence,5700,275,8,420,Propulsion,Manuelle 6 rapports,5.8,13.5,"Trans Am, V8"
Pontiac Vibe,Pontiac,Vibe,2003-2010,Hatchback,Essence,1800,132,4,174,Traction avant,Manuelle 5 rapports,9.0,7.0,
Porsche 911,Porsche,911,2005-2012,Coupé,Essence,3600,325,6,370,Propulsion,Manuelle 6 rapports,4.9,11.0,"997, flat-6"
Porsche Boxster,Porsche,Boxster,2005-2012,Cabriolet,Essence,2700,245,6,273,Propulsion,Manuelle 6 rapports,5.8,9.5,
Porsche Cayenne,Porsche,Cayenne,2003-2010,SUV,Essence,3600,290,6,385,Intégrale,Automatique 6 rapports,7.8,12.5,
Ram 1500,Ram,1500,2009-2018,Pick-up,Essence,5700,395,8,556,4 roues motrices,Automatique 8 rapports,7.0,14.0,HEMI V8
Saab 9-3,Saab,9-3,2003-2011,Berline,Essence,2000,210,4,300,Traction avant,Manuelle 6 rapports,7.9,8.5,Turbo
Saab 9-5,Saab,9-5,1998-2009,Berline,Essence,2300,220,4,300,Traction avant,Automatique 5 rapports,7.5,9.5,Turbo
Saturn Aura,Saturn,Aura,2007-2009,Berline,Essence,3600,252,6,332,Traction avant,Automatique 6 rapports,7.3,9.5,
Saturn Ion,Saturn,Ion,2003-2007,Berline,Essence,2200,140,4,198,Traction avant,Manuelle 5 rapports,9.5,7.5,
Saturn L200,Saturn,L200,2000-2005,Berline,Essence,2200,135,4,198,Traction avant,Automatique 4 rapports,9.5,8.0,
Saturn L300,Saturn,L300,2000-2005,Berline,Essence,3000,182,6,244,Traction avant,Automatique 4 rapports,9.0,9.5,
Saturn Sl1,Saturn,Sl1,1996-2002,Berline,Essence,1900,100,4,157,Traction avant,Manuelle 5 rapports,10.5,7.0,
Saturn Sl2,Saturn,Sl2,1996-2002,Berline,Essence,1900,124,4,174,Traction avant,Manuelle 5 rapports,9.5,7.0,
Saturn Vue,Saturn,Vue,2008-2010,SUV,Essence,3600,257,6,344,4 roues motrices,Automatique 6 rapports,8.0,10.5,
Scion Tc,Scion,Tc,2011-2016,Coupé,Essence,2500,179,4,234,Traction avant,Manuelle 6 rapports,7.7,7.5,
Scion Xa,Scion,Xa,2004-2006,Hatchback,Essence,1500,108,4,144,Traction avant,Manuelle 5 rapports,10.0,6.5,
Scion Xb,Scion,Xb,2008-2015,Hatchback,Essence,2400,158,4,173,Traction avant,Manuelle 5 rapports,8.5,8.0,
Scion Xd,Scion,Xd,2008-2014,Hatchback,Essence,1800,128,4,171,Traction avant,Manuelle 5 rapports,9.5,7.0,
Smart Fortwo,Smart,Fortwo,2008-2015,Coupé,Essence,1000,70,3,92,Propulsion,Automatique séquentielle 5 rapports,12.8,4.5,
Subaru Forester,Subaru,Forester,2009-2013,SUV,Essence,2500,170,4,227,Intégrale,Manuelle 5 rapports,9.5,9.0,
Subaru Impreza,Subaru,Impreza,2008-2011,Berline,Essence,2500,170,4,227,Intégrale,Manuelle 5 rapports,9.0,8.5,
Subaru Legacy,Subaru,Legacy,2010-2014,Berline,Essence,2500,170,4,227,Intégrale,Automatique CVT,9.0,8.5,
Subaru Outback,Subaru,Outback,2010-2014,Break,Essence,2500,170,4,227,Intégrale,Automatique CVT,9.5,8.5,
Subaru Wrx,Subaru,Wrx,2006-2014,Berline,Essence,2500,265,4,343,Intégrale,Manuelle 5 rapports,5.7,11.0,Turbo
Suzuki Forenza,Suzuki,Forenza,2004-2008,Berline,Essence,2000,126,4,181,Traction avant,Manuelle 5 rapports,9.5,7.5,
Suzuki Sx4,Suzuki,Sx4,2007-2013,Hatchback,Essence,2000,150,4,190,4 roues motrices,Manuelle 5 rapports,9.5,8.0,
Suzuki Xl7,Suzuki,Xl7,2007-2009,SUV,Essence,3600,252,6,331,4 roues motrices,Automatique 5 rapports,8.5,11.0,
Toyota 4Runner,Toyota,4Runner,2003-2009,SUV,Essence,4000,236,6,377,4 roues motrices,Automatique 5 rapports,8.5,12.5,
Toyota Avalon,Toyota,Avalon,2005-2012,Berline,Essence,3500,268,6,336,Traction avant,Automatique 6 rapports,7.3,9.5,
Toyota Camry,Toyota,Camry,2007-2011,Berline,Essence,2400,158,4,213,Traction avant,Automatique 5 rapports,9.0,8.0,
Toyota Celica,Toyota,Celica,2000-2006,Coupé,Essence,1800,180,4,171,Traction avant,Manuelle 6 rapports,7.5,7.5,GT-S
Toyota Corolla,Toyota,Corolla,2008-2013,Berline,Essence,1800,132,4,171,Traction avant,Manuelle 5 rapports,10.1,6.4,
Toyota Echo,Toyota,Echo,2000-2005,Berline,Essence,1500,108,4,144,Traction avant,Manuelle 5 rapports,10.0,6.0,
Toyota Fjcruiser,Toyota,Fjcruiser,2007-2014,SUV,Essence,4000,260,6,377,4 roues motrices,Automatique 5 rapports,8.5,13.5,FJ Cruiser
Toyota Highlander,Toyota,Highlander,2008-2013,SUV,Essence,3500,270,6,332,4 roues motrices,Automatique 5 rapports,8.0,11.0,
Toyota Landcruiser,Toyota,Landcruiser,2008-2015,SUV,Essence,5700,381,8,544,4 roues motrices,Automatique 6 rapports,7.5,15.5,Land Cruiser
Toyota Matrix,Toyota,Matrix,2009-2013,Hatchback,Essence,1800,132,4,171,Traction avant,Manuelle 5 rapports,9.5,7.0,
Toyota Mr2,Toyota,Mr2,1991-1999,Coupé,Essence,2200,135,4,198,Propulsion,Manuelle 5 rapports,8.5,8.5,
Toyota Pickup,Toyota,Pickup,1989-1995,Pick-up,Essence,2400,116,4,190,4 roues motrices,Manuelle 5 rapports,11.0,10.5,
Toyota Prius,Toyota,Prius,2010-2015,Berline,Hybride,1800,134,4,142,Traction avant,Automatique CVT,10.4,4.3,
Toyota Rav4,Toyota,Rav4,2009-2012,SUV,Essence,2500,179,4,234,4 roues motrices,Automatique 4 rapports,8.5,9.0,
Toyota Sequoia,Toyota,Sequoia,2008-2016,SUV,Essence,5700,381,8,544,4 roues motrices,Automatique 6 rapports,8.0,15.5,
Toyota Sienna,Toyota,Sienna,2011-2017,Van,Essence,3500,266,6,336,Traction avant,Automatique 6 rapports,8.5,10.5,
Toyota Solara,Toyota,Solara,2004-2008,Coupé,Essence,3300,225,6,240,Traction avant,Automatique 5 rapports,8.0,9.5,
Toyota Supra,Toyota,Supra,1993-1998,Coupé,Essence,3000,320,6,440,Propulsion,Manuelle 6 rapports,4.6,11.5,"Turbo, Mk4"
Toyota T100,Toyota,T100,1993-1998,Pick-up,Essence,3400,190,6,298,4 roues motrices,Manuelle 5 rapports,10.0,11.5,
Toyota Tacoma,Toyota,Tacoma,2005-2015,Pick-up,Essence,4000,236,6,377,4 roues motrices,Automatique 5 rapports,8.5,11.5,
Toyota Tercel,Toyota,Tercel,1991-1999,Berline,Essence,1500,93,4,127,Traction avant,Manuelle 5 rapports,11.5,6.5,
Toyota Tundra,Toyota,Tundra,2007-2013,Pick-up,Essence,5700,381,8,544,4 roues motrices,Automatique 6 rapports,7.5,15.0,
Toyota Yaris,Toyota,Yaris,2007-2011,Berline,Essence,1500,106,4,140,Traction avant,Manuelle 5 rapports,10.5,6.0,
Volkswagen Beetle,Volkswagen,Beetle,1998-2010,Coupé,Essence,2000,115,4,170,Traction avant,Manuelle 5 rapports,10.5,7.5,New Beetle
Volkswagen Bug,Volkswagen,Bug,1966-1979,Coupé,Essence,1600,60,4,112,Propulsion,Manuelle 4 rapports,16.8,7.5,Coccinelle historique
Volkswagen Cc,Volkswagen,Cc,2009-2016,Berline,Essence,2000,200,4,280,Traction avant,Automatique DSG 6 rapports,7.3,7.5,
Volkswagen Eos,Volkswagen,Eos,2007-2015,Cabriolet,Essence,2000,200,4,280,Traction avant,Automatique DSG 6 rapports,7.5,7.5,Toit rigide rétractable
Volkswagen Golf,Volkswagen,Golf,2010-2014,Hatchback,Essence,2500,170,5,240,Traction avant,Manuelle 5 rapports,8.7,7.5,
Volkswagen Gti,Volkswagen,Gti,2006-2013,Hatchback,Essence,2000,200,4,280,Traction avant,Manuelle 6 rapports,6.9,7.5,"GTI, turbo"
Volkswagen Jetta,Volkswagen,Jetta,2011-2018,Berline,Essence,2000,115,4,170,Traction avant,Manuelle 5 rapports,9.5,7.5,
Volkswagen Newbeetle,Volkswagen,Newbeetle,1998-2010,Coupé,Essence,2000,115,4,170,Traction avant,Manuelle 5 rapports,10.5,7.5,New Beetle
Volkswagen Passat,Volkswagen,Passat,2006-2010,Berline,Essence,2000,200,4,280,Traction avant,Automatique DSG 6 rapports,7.7,8.0,
Volkswagen Rabbit,Volkswagen,Rabbit,2006-2009,Hatchback,Essence,2500,150,5,170,Traction avant,Manuelle 5 rapports,9.5,8.0,Golf (nom nord-américain)
Volkswagen Touareg,Volkswagen,Touareg,2004-2010,SUV,Essence,3600,280,6,360,Intégrale,Automatique 6 rapports,8.5,12.5,
Volvo 850,Volvo,850,1993-1997,Berline,Essence,2400,168,5,220,Traction avant,Automatique 4 rapports,9.0,9.5,
Volvo C70,Volvo,C70,2006-2013,Cabriolet,Essence,2500,218,5,320,Traction avant,Automatique 5 rapports,7.7,9.5,Turbo
Volvo S40,Volvo,S40,2004-2011,Berline,Essence,2400,168,5,220,Traction avant,Automatique 5 rapports,8.5,8.5,
Volvo S60,Volvo,S60,2001-2009,Berline,Essence,2400,168,5,220,Traction avant,Automatique 5 rapports,8.5,9.0,
Volvo S70,Volvo,S70,1997-2000,Berline,Essence,2400,168,5,220,Traction avant,Automatique 4 rapports,9.0,9.5,
Volvo S80,Volvo,S80,2007-2016,Berline,Essence,3200,235,6,320,Traction avant,Automatique 6 rapports,7.9,10.0,
Volvo V70,Volvo,V70,2000-2007,Break,Essence,2400,197,5,285,Traction avant,Automatique 5 rapports,8.5,9.5,
Volvo Xc70,Volvo,Xc70,2008-2016,Break,Essence,3200,235,6,320,Intégrale,Automatique 6 rapports,8.5,10.5,
Volvo Xc90,Volvo,Xc90,2007-2014,SUV,Essence,3200,235,6,320,Intégrale,Automatique 6 rapports,9.0,11.5,
